{
    "boardName": "OAK-D-LITE",
    "boardRev": "R1M1E3",
    "cameraData": [
        [
            2,
            {
                "cameraType": 0,
                "distortionCoeff": [
                    -13.986748695373535,
                    76.99649047851563,
                    -0.0006716027273796499,
                    0.0005128792836330831,
                    -88.64788055419922,
                    -13.977420806884766,
                    76.91303253173828,
                    -88.5267105102539,
                    0.0,
                    0.0,
                    0.0,
                    0.0,
                    0.0,
                    0.0
                ],
                "extrinsics": {
                    "rotationMatrix": [
                        [
                            0.9999125003814697,
                            0.006285212002694607,
                            -0.011638984084129333
                        ],
                        [
                            -0.006384925451129675,
                            0.9999430775642395,
                            -0.008549952879548073
                        ],
                        [
                            0.01158458273857832,
                            0.008623518981039524,
                            0.9998956918716431
                        ]
                    ],
                    "specTranslation": {
                        "x": 3.75,
                        "y": 0.0,
                        "z": 0.0
                    },
                    "toCameraSocket": 0,
                    "translation": {
                        "x": 3.759786367416382,
                        "y": 0.0328226238489151,
                        "z": -0.3834414482116699
                    }
                },
                "height": 480,
                "intrinsicMatrix": [
                    [
                        454.7371520996094,
                        0.0,
                        316.9904479980469
                    ],
                    [
                        0.0,
                        454.7371520996094,
                        225.88302612304688
                    ],
                    [
                        0.0,
                        0.0,
                        1.0
                    ]
                ],
                "lensPosition": 0,
                "specHfovDeg": 72.9000015258789,
                "width": 640
            }
        ],
        [
            0,
            {
                "cameraType": 0,
                "distortionCoeff": [
                    12.654194831848145,
                    -14.889227867126465,
                    -0.0013519313652068377,
                    0.00047551942407153547,
                    165.55149841308594,
                    12.622539520263672,
                    -16.461511611938477,
                    166.8253173828125,
                    0.0,
                    0.0,
                    0.0,
                    0.0,
                    0.0,
                    0.0
                ],
                "extrinsics": {
                    "rotationMatrix": [
                        [
                            0.0,
                            0.0,
                            0.0
                        ],
                        [
                            0.0,
                            0.0,
                            0.0
                        ],
                        [
                            0.0,
                            0.0,
                            0.0
                        ]
                    ],
                    "specTranslation": {
                        "x": -0.0,
                        "y": -0.0,
                        "z": -0.0
                    },
                    "toCameraSocket": -1,
                    "translation": {
                        "x": 0.0,
                        "y": 0.0,
                        "z": 0.0
                    }
                },
                "height": 2160,
                "intrinsicMatrix": [
                    [
                        2970.48876953125,
                        0.0,
                        1959.5872802734375
                    ],
                    [
                        0.0,
                        2970.48876953125,
                        1065.2783203125
                    ],
                    [
                        0.0,
                        0.0,
                        1.0
                    ]
                ],
                "lensPosition": 0,
                "specHfovDeg": 68.7938003540039,
                "width": 3840
            }
        ],
        [
            1,
            {
                "cameraType": 0,
                "distortionCoeff": [
                    -6.567681312561035,
                    0.4971485137939453,
                    -0.00011771936988225207,
                    0.0017582864966243505,
                    46.17179870605469,
                    -6.577317714691162,
                    0.5801646113395691,
                    45.97690200805664,
                    0.0,
                    0.0,
                    0.0,
                    0.0,
                    0.0,
                    0.0
                ],
                "extrinsics": {
                    "rotationMatrix": [
                        [
                            0.9997760653495789,
                            -0.02096344716846943,
                            -0.002895018318668008
                        ],
                        [
                            0.020998641848564148,
                            0.9996986389160156,
                            0.012714347802102566
                        ],
                        [
                            0.002627609297633171,
                            -0.012772291898727417,
                            0.9999150037765503
                        ]
                    ],
                    "specTranslation": {
                        "x": -7.5,
                        "y": 0.0,
                        "z": 0.0
                    },
                    "toCameraSocket": 2,
                    "translation": {
                        "x": -7.472137928009033,
                        "y": -0.1099184975028038,
                        "z": 0.0713522806763649
                    }
                },
                "height": 480,
                "intrinsicMatrix": [
                    [
                        450.9572448730469,
                        0.0,
                        332.4020690917969
                    ],
                    [
                        0.0,
                        450.9572448730469,
                        247.78961181640625
                    ],
                    [
                        0.0,
                        0.0,
                        1.0
                    ]
                ],
                "lensPosition": 0,
                "specHfovDeg": 72.9000015258789,
                "width": 640
            }
        ]
    ],
    "imuExtrinsics": {
        "rotationMatrix": [
            [
                0.0,
                0.0,
                0.0
            ],
            [
                0.0,
                0.0,
                0.0
            ],
            [
                0.0,
                0.0,
                0.0
            ]
        ],
        "specTranslation": {
            "x": 0.0,
            "y": 0.0,
            "z": 0.0
        },
        "toCameraSocket": -1,
        "translation": {
            "x": 0.0,
            "y": 0.0,
            "z": 0.0
        }
    },
    "miscellaneousData": [],
    "stereoRectificationData": {
        "leftCameraSocket": 1,